lat	lon		url
55.893370	-3.578230	Linlithgow, West Lothian	https://www.theguardian.com/money/2020/mar/27/lets-move-to-linlithgow-west-lothian
51.509648	-0.099076	Eltham, south-east London	https://www.theguardian.com/money/2020/mar/20/lets-move-to-eltham-south-east-london
51.128572	-0.015474	East Grinstead and Forest Row, West Sussex	https://www.theguardian.com/money/2020/mar/13/lets-move-to-east-grinstead-and-forest-row-west-sussex-mystically-fruity
51.896494	-4.879455	Pembrokeshire	https://www.theguardian.com/money/2020/jan/31/lets-move-to-the-north-pembrokeshire-coast-a-place-to-escape-the-universes-ills
51.208966	0.783910	Romney Marsh, Kent	https://www.theguardian.com/money/2020/jan/24/lets-move-to-romney-marsh-kent-takes-certain-someone-to-love
54.323679	-2.529018	Sedbergh, Cumbria	https://www.theguardian.com/money/2020/jan/17/lets-move-to-sedbergh-cumbria-lovely-lonely
52.044729	-2.425696	Ledbury, Herefordshire	https://www.theguardian.com/money/2020/jan/10/lets-move-to-ledbury-herefordshire
51.005794	-2.196369	Shaftesbury, Dorset	https://www.theguardian.com/money/2020/jan/03/lets-move-to-shaftesbury-dorset-oasis-of-calm-in-feverish-times-tom-dyckhoff
54.227348	-1.667430	Masham, North Yorkshire	https://www.theguardian.com/money/2020/feb/28/lets-move-to-masham-north-yorkshire
52.416786	-1.521578	Coventry	https://www.theguardian.com/money/2020/feb/21/lets-move-to-coventry-west-midlands-uk-city-of-culture
54.439655	-1.894009	New Forest	https://www.theguardian.com/money/2020/feb/14/lets-move-to-new-forest-jolly-if-you-have-lolly
53.924490	-1.823260	Ilkley, West Yorkshire	https://www.theguardian.com/money/2020/feb/07/lets-move-to-ilkley-west-yorkshire
51.297353	1.290718	New Ash Green, Kent	https://www.theguardian.com/money/2019/sep/27/lets-move-to-new-ash-green-kent
53.258716	-1.905372	Buxton, Derbyshire	https://www.theguardian.com/money/2019/sep/20/lets-move-to-buxton-derbyshire-property
54.048678	-2.799452	Lancaster, Lancashire	https://www.theguardian.com/money/2019/sep/13/lets-move-to-lancaster-lancashire-grander-than-you-might-think
54.579375	-5.919726	Ormeau, Belfast	https://www.theguardian.com/money/2019/sep/06/lets-move-to-ormeau-belfast
50.548311	-4.142036	Tavistock, Devon	https://www.theguardian.com/money/2019/oct/25/lets-move-to-tavistock-devon-dartmoor
55.122440	-3.937704	Dumfries, Dumfries & Galloway	https://www.theguardian.com/money/2019/oct/18/lets-move-dumfries-galloway-scotland
50.928914	0.200567	St Leonards-on-Sea, East Sussex	https://www.theguardian.com/money/2019/oct/11/lets-move-to-st-leonards-on-sea-east-sussex-the-yin-to-hastings-yang
51.509648	-0.099076	Croydon, south London	https://www.theguardian.com/money/2019/oct/04/lets-move-to-croydon-south-london-birthplace-of-stormzy-tom-dyckhoff
57.479549	-4.237208	Inverness, Inverness-shire	https://www.theguardian.com/money/2019/nov/29/lets-move-to-inverness-invernessshire-wilderness-doorstep
51.052921	-0.198273	High Weald, East Sussex	https://www.theguardian.com/money/2019/nov/15/lets-move-to-eastern-high-weald-east-sussex-kent-not-fashionable-but-fabulous
53.119911	-1.604812	Glossop, Derbyshire	https://www.theguardian.com/money/2019/nov/08/lets-move-to-glossop-derbyshire-fierce-and-friendly
51.837732	1.243884	Walton-on-the-Naze, Essex	https://www.theguardian.com/money/2019/nov/01/lets-move-to-walton-on-the-naze-essex
53.417107	-2.233126	Didsbury	https://www.theguardian.com/money/2019/may/31/lets-move-to-didsbury
51.793357	-0.081130	Hertford	https://www.theguardian.com/money/2019/may/17/lets-move-to-hertford-hertfordshire
51.509648	-0.099076	Hornsey, north London	https://www.theguardian.com/money/2019/may/10/lets-move-to-hornsey-north-london
52.860872	-3.053904	Oswestry, Shropshire	https://www.theguardian.com/money/2019/may/03/lets-move-to-oswestry-shropshire
51.945684	-3.387660	Brecon, Powys	https://www.theguardian.com/money/2019/mar/29/lets-move-to-brecon-powys-bright-streets-and-brooding-beacons
51.066050	-1.314423	Winchester	https://www.theguardian.com/money/2019/mar/22/lets-move-to-winchester-hampshire
51.489129	-0.307382	Brentford, west London	https://www.theguardian.com/money/2019/mar/08/lets-move-to-brentford-west-london
56.281067	-4.436736	Stirling	https://www.theguardian.com/money/2019/mar/01/lets-move-to-stirling
50.842941	-0.131312	Brighton, East Sussex	https://www.theguardian.com/money/2019/jun/28/lets-move-to-brighton-east-sussex
53.122831	-0.249014	Grimsby and Cleethorpes, Lincolnshire	https://www.theguardian.com/money/2019/jun/21/lets-move-to-grimsby-cleethorpes-lincolnshire
54.330497	-2.739622	Kendal, Cumbria	https://www.theguardian.com/money/2019/jun/14/lets-move-to-kendal-cumbria
50.792042	-0.681268	Bognor Regis, West Sussex	https://www.theguardian.com/money/2019/jun/07/lets-move-to-bognor-regis-west-sussex
52.320770	-3.934970	Cardigan, Ceredigion	https://www.theguardian.com/money/2019/jul/26/lets-move-to-ceredigion
51.749050	-0.455433	Hemel Hempstead, Hertfordshire	https://www.theguardian.com/money/2019/jul/19/lets-move-to-hemel-hempstead-hertfordshire-tom-dyckhoff
50.704022	-3.494682	Whitley Bay, Tyne and Wear	https://www.theguardian.com/money/2019/jul/12/lets-move-to-whitley-bay-tyne-and-wear
58.596000	-3.521000	Thurso and Dunnet Bay, Caithness	https://www.theguardian.com/money/2019/jul/05/lets-move-to-thurso-dunnet-bay-caithness
50.944162	-2.523873	Sherborne, Dorset	https://www.theguardian.com/money/2019/jan/25/sherborne-dorset-packed-with-stories-of-its-ancient-past
51.531427	-0.132028	Somers Town	https://www.theguardian.com/money/2019/jan/18/lets-move-to-somers-town-one-of-londons-best-kept-secrets
52.757607	0.412423	King’s Lynn, Norfolk	https://www.theguardian.com/money/2019/jan/11/lets-move-to-kings-lynn-norfolk-it-is-beautiful
52.284873	-1.583659	Warwick	https://www.theguardian.com/money/2019/jan/04/warwick-warwickshire-property-lets-move-to-tom-dyckhoff
52.931376	1.300610	Cromer, Norfolk	https://www.theguardian.com/money/2019/feb/22/lets-move-cromer-norfolk-tom-dyckhoff
52.183762	-0.473722	Bedford	https://www.theguardian.com/money/2019/feb/15/lets-move-to-bedford-bedfordshire
53.873134	-2.388478	Clitheroe, Lancashire	https://www.theguardian.com/money/2019/feb/08/lets-move-to-clitheroe-ribble-valley-lancashire
53.305296	-4.382343	Anglesey, Wales	https://www.theguardian.com/money/2019/feb/01/lets-move-anglesey-ynys-mon-wales-world-apart-tom-dyckhoff
51.550503	-0.304841	Wembley, Middlesex	https://www.theguardian.com/money/2019/dec/27/lets-move-to-wembley-middlesex
50.594503	-1.207249	Ventnor	https://www.theguardian.com/money/2019/aug/30/lets-move-to-ventnor-isle-of-wight
53.373000	-3.184000	West Kirby, Merseyside	https://www.theguardian.com/money/2019/aug/23/lets-move-to-west-kirby-merseyside-way-things-used-to-be
54.312921	-1.078289	Helmsley, North Yorkshire	https://www.theguardian.com/money/2019/aug/16/lets-move-to-helmsley-north-yorkshire
50.834297	-0.781582	Chichester, West Sussex	https://www.theguardian.com/money/2019/aug/09/lets-move-to-chichester-west-sussex
51.509648	-0.099076	Bermondsey, south-east London	https://www.theguardian.com/money/2019/aug/02/lets-move-to-bermondsey-south-east-london-tom-dyckhoff
54.125827	-1.518454	Ripon, North Yorkshire	https://www.theguardian.com/money/2019/apr/26/lets-move-to-ripon-north-yorkshire
52.400896	0.257952	Ely, Cambridgeshire	https://www.theguardian.com/money/2019/apr/19/lets-move-ely-cambridgeshire
51.362454	1.035438	Whitstable, Kent	https://www.theguardian.com/money/2019/apr/05/lets-move-to-whitstable-kent
54.183032	-2.921710	Grange-over-Sands	https://www.theguardian.com/money/2018/sep/28/lets-move-to-grange-over-sands-cartmel
51.565015	0.011194	Leytonstone	https://www.theguardian.com/money/2018/sep/21/lets-move-leytonstone-on-good-form
50.874237	0.009374	Lewes, East Sussex	https://www.theguardian.com/money/2018/sep/14/lets-move-to-lewes-east-sussex-hotbed-feverish-radicalism
52.325730	1.678526	Southwold, Suffolk	https://www.theguardian.com/money/2018/sep/07/lets-move-to-southwold-suffolk-pretty-face-signs-strain
52.190698	-2.224215	Worcester	https://www.theguardian.com/money/2018/oct/26/lets-move-to-worcester-full-of-sauce
51.822453	-3.013434	Abergavenny	https://www.theguardian.com/money/2018/oct/12/lets-move-to-abergavenny-food-glorious-food
51.222391	1.399084	Deal, Kent	https://www.theguardian.com/money/2018/oct/05/lets-move-to-deal-kent-these-streets-have-tales-to-tell
53.207393	-2.881343	Chester	https://www.theguardian.com/money/2018/nov/30/lets-move-to-chester-cheshire-history
51.555200	-0.151400	Gospel Oak, north London	https://www.theguardian.com/money/2018/nov/23/lets-move-to-gospel-oak-north-london-john-betjeman-tom-dyckhoff
55.952756	-3.115289	Portobello, Edinburgh	https://www.theguardian.com/money/2018/nov/16/lets-move-to-portobello-edinburgh
51.885549	0.903162	Colchester, Essex	https://www.theguardian.com/money/2018/nov/09/lets-move-to-colchester-essex
50.803382	-1.979153	Wimborne Minster, Dorset	https://www.theguardian.com/money/2018/nov/02/lets-move-to-wimborne-minster-dorset
50.264465	-5.043700	Truro, Cornwall	https://www.theguardian.com/money/2018/may/11/lets-move-to-truro-cornwall
53.3900441	-2.5969501	Warrington, Cheshire	https://www.theguardian.com/money/2018/mar/30/lets-move-to-warrington-cheshire-property
50.768035	0.290472	Eastbourne, East Sussex	https://www.theguardian.com/money/2018/mar/23/lets-move-to-eastbourne-east-sussex
52.7901016	-0.1537024	Spalding, Lincolnshire	https://www.theguardian.com/money/2018/mar/16/lets-move-to-spalding-lincolnshire
50.718412	-3.533899	Exeter, Devon	https://www.theguardian.com/money/2018/mar/02/lets-move-to-exeter-devon-beaches-hills-wilderness-old-pubs
51.492320	-0.043027	Surrey Quays	https://www.theguardian.com/money/2018/jun/29/lets-move-to-surrey-quays-london
56.338795	-2.799420	St Andrews	https://www.theguardian.com/money/2018/jun/22/lets-move-to-st-andrews-1000-years-old-old-romantic
52.052620	1.164245	Ipswich, Suffolk	https://www.theguardian.com/money/2018/jun/15/lets-move-to-ipswich-suffolk-david-brent-steve-jobs
54.973563	-1.590957	Ouseburn	https://www.theguardian.com/money/2018/jun/08/lets-move-to-ouseburn-newcastle-upon-tynes-shoreditch-creative
51.226197	-0.335667	Dorking, Surrey	https://www.theguardian.com/money/2018/jun/01/lets-move-to-dorking-surrey
51.340481	-2.965166	Weston-super-Mare	https://www.theguardian.com/money/2018/jul/27/lets-move-to-weston-super-mare
53.462761	-2.216665	Ramsbottom, Greater Manchester	https://www.theguardian.com/money/2018/jul/20/lets-move-to-ramsbottom-greater-manchester
53.716700	-1.850000	Halifax, West Yorkshire	https://www.theguardian.com/money/2018/jul/13/lets-move-to-halifax-west-yorkshire
52.111227	-4.078173	Lampeter, Ceredigion	https://www.theguardian.com/money/2018/jul/06/lets-move-to-lampeter-ceredigion-neat-town-if-like-students
53.841963	-0.435093	Beverley, east Yorkshire	https://www.theguardian.com/money/2018/jan/26/lets-move-beverley-east-yorkshire
55.8630462	-4.2812277	Finnieston, Glasgow	https://www.theguardian.com/money/2018/jan/19/lets-move-to-finnieston-glasgow-no-lampshades-cocktails-in-jam-jars
53.365962	-0.007711	Louth, Lincolnshire	https://www.theguardian.com/money/2018/jan/12/lets-move-to-louth-lincolnshire-worth-the-slog
52.681602	-1.831672	Lichfield, Staffordshire	https://www.theguardian.com/money/2018/jan/05/lets-move-to-lichfield-staffordshire-property-guide-tom-dyckhoff
53.743304	-2.013021	Hebden Bridge, West Yorks	https://www.theguardian.com/money/2018/feb/23/lets-move-to-hebden-bridge-west-yorks
52.049655	-1.7832211	Chipping Campden, Gloucestershire	https://www.theguardian.com/money/2018/feb/16/lets-move-to-chipping-campden-gloucestershire-tom-dyckhoff
51.4815584	-0.0264139	Deptford, south-east London	https://www.theguardian.com/money/2018/feb/09/lets-move-to-deptford-south-east-london-property-tom-dyckhoff
51.745734	-2.217758	Stroud, Gloucestershire	https://www.theguardian.com/money/2018/feb/02/lets-move-to-stroud-gloucestershire-cotswolds
52.109083	-2.311423	Great Malvern	https://www.theguardian.com/money/2018/dec/28/lets-move-to-great-malvern-and-the-malvern-hills-walk-in-elgars-footsteps
50.812938	-0.517624	Littlehampton, West Sussex	https://www.theguardian.com/money/2018/dec/14/lets-move-to-littlehampton-west-sussex-a-surreal-mishmash
54.376898	-5.839170	Bangor, County Down	https://www.theguardian.com/money/2018/dec/07/lets-move-to-bangor-county-down
56.242980	-4.216494	Callander	https://www.theguardian.com/money/2018/aug/24/lets-move-to-callander-and-the-trossachs
53.476945	-2.178925	Openshaw, Manchester	https://www.theguardian.com/money/2018/aug/17/lets-move-to-openshaw-manchester-great-location
52.251161	0.713361	Bury St Edmunds, Suffolk	https://www.theguardian.com/money/2018/aug/03/lets-move-to-bury-st-edmunds-suffolk-stunning-town
53.383738	-2.256402	Stockport, Greater Manchester	https://www.theguardian.com/money/2018/apr/20/lets-move-stockport-greater-manchester
51.536114	-0.125270	King’s Cross, London	https://www.theguardian.com/money/2018/apr/13/move-to-kings-cross-london
51.069358	0.689122	Tenterden, Kent	https://www.theguardian.com/money/2018/apr/06/lets-move-tenterden-hop-trellises-grapevines
50.686914	-4.692832	Boscastle, Cornwall	https://www.theguardian.com/money/2017/sep/29/lets-move-to-boscastle-cornwall
55.5649971	-5.5659523	Kintyre peninsula, Argyll and Bute	https://www.theguardian.com/money/2017/sep/22/lets-move-kintyre-peninsula-argyll-bute-gorgeous
52.376491	1.108394	Diss, Norfolk	https://www.theguardian.com/money/2017/sep/08/lets-move-to-diss-norfolk
50.855171	-0.555119	Arundel, West Sussex	https://www.theguardian.com/money/2017/sep/01/lets-move-to-arundel-arendelle
53.234447	-0.53625	Lincoln, UK	https://www.theguardian.com/money/2017/oct/27/lets-move-to-lincoln-property
55.770242	-2.005395	Berwick-upon-Tweed, Northumberland	https://www.theguardian.com/money/2017/oct/20/lets-move-to-berwick-upon-tweed-northumberland
51.561246	-0.230969	Dollis Hill, north-west London	https://www.theguardian.com/money/2017/oct/06/lets-move-dollis-hill-north-west-london-silicon-research-labs
52.056398	-2.715974	Hereford	https://www.theguardian.com/money/2017/nov/24/lets-move-to-hereford-tom-dyckhoff
52.651282	-0.480216	Stamford, Lincolnshire	https://www.theguardian.com/money/2017/nov/17/lets-move-to-stamford-lincolnshire
51.230751	-2.320096	Frome, Somerset	https://www.theguardian.com/money/2017/nov/10/lets-move-to-frome-somerset-property
51.487402	-0.607942	Windsor & Eton, Berkshire	https://www.theguardian.com/money/2017/nov/03/lets-move-windsor-eton-berkshire-castle
51.556619	0.076251	Ilford, east London	https://www.theguardian.com/money/2017/may/26/lets-move-ilford-east-london-boomtown-property-tom-dyckhoff
55.310464	-1.909547	Rothbury, Northumberland	https://www.theguardian.com/money/2017/may/19/rothbery-northumberland-property-guide-perfect-idyll
52.412856	0.751657	Thetford, Norfolk	https://www.theguardian.com/money/2017/may/12/lets-move-to-thetford-norfolk
51.7684444	-3.0850614	Blaenafon, Gwent	https://www.theguardian.com/money/2017/may/05/lets-move-to-blaenafon-gwent
50.9867009	-0.6107242	Petworth, West Sussex	https://www.theguardian.com/money/2017/mar/24/lets-move-to-petworth-and-pulborough-west-sussex-miss-marple
52.301537	-3.510641	Rhayader & the Elan valley, Powys	https://www.theguardian.com/money/2017/mar/17/lets-move-rhayader-elan-valley-powys-sublime-natural-beauty
51.45051	-0.004453	Hither Green, London	https://www.theguardian.com/money/2017/mar/03/lets-move-hither-green-south-east-london-tom-dyckhoff
52.796672	1.252352	Aylsham, Norfolk	https://www.theguardian.com/money/2017/jun/30/lets-move-to-aylsham-norfolk-tom-dyckhoff
52.205337	0.121817	Cambridge	https://www.theguardian.com/money/2017/jun/23/lets-move-to-cambridge-ancient-jump-cut-with-futuristic
56.002318	-4.734014	Helensburgh, Argyll & Bute	https://www.theguardian.com/money/2017/jun/16/lets-move-to-helensburgh-argyll-and-bute-tom-dyckhoff
51.602396	-0.6442409	Beaconsfield, Buckinghamshire	https://www.theguardian.com/money/2017/jun/09/lets-move-to-beaconfield-buckinghamshire-property
51.6458462	-1.1671573	Dorchester-on-Thames	https://www.theguardian.com/money/2017/jun/02/lets-move-dorchester-on-thames-oxfordshire-little-utopia
51.4575376	-0.0348798	Brockley, south-east London	https://www.theguardian.com/money/2017/jul/28/lets-move-to-brockey-south-east-london
51.517083	0.578411	Canvey Island, Essex	https://www.theguardian.com/money/2017/jul/21/lets-move-to-canvey-island-essex-britain-mississippi-delta
55.2052888	-6.2532947	Ballycastle, County Antrim	https://www.theguardian.com/money/2017/jul/14/lets-move-to-ballycastle-county-antrim-juicy-green-valleys
50.8279319	-0.168749	Hove, East Sussex	https://www.theguardian.com/money/2017/jul/07/lets-move-to-hove-east-sussex-young-people
50.700803	-1.291633	Newport, Isle of Wight	https://www.theguardian.com/money/2017/jan/27/lets-move-newport-isle-of-wight
54.283113	-0.399752	Scarborough, North Yorkshire	https://www.theguardian.com/money/2017/jan/20/lets-move-scarborough-north-yorkshire-where-seasiding-began
51.4211927	-0.1233808	Streatham, south-west London	https://www.theguardian.com/money/2017/jan/13/lets-move-to-streatham-south-west-london
54.77525	-1.584852	Durham, County Durham	https://www.theguardian.com/money/2017/jan/06/lets-move-to-durham-county-durham
50.9491967	-4.1549964	Torridge valley, Devon	https://www.theguardian.com/money/2017/feb/24/lets-move-great-torrington-torridge-valley-devon
52.4900507	-2.9984386	Bishop’s Castle, Shropshire	https://www.theguardian.com/money/2017/feb/17/lets-move-to-bishops-castle-shropshire-pretty-town-enthusiasm
58.984674	-2.9622491	Kirkwall	https://www.theguardian.com/money/2017/feb/10/lets-move-to-kirkwall-and-orkney
53.016626	-1.732179	Ashbourne, Derbyshire	https://www.theguardian.com/money/2017/feb/03/lets-move-to-ashbourne-derbyshire
51.577076	0.178319	Romford, east London	https://www.theguardian.com/money/2017/dec/29/lets-move-romford-east-london
50.8499062	0.4662071	Bexhill-on-Sea, East Sussex	https://www.theguardian.com/money/2017/dec/22/lets-move-to-bexhill-east-sussex
52.888816	-4.4176339	Pwllheli	https://www.theguardian.com/money/2017/dec/15/lets-move-to-pwllheli-and-the-llyn-peninsula-property
55.600029	-2.432207	Kelso, Roxburghshire	https://www.theguardian.com/money/2017/dec/08/lets-move-to-kelso-roxburghshire-property-tom-dyckhoff
54.486335	-0.613347	Whitby, North Yorkshire	https://www.theguardian.com/money/2017/dec/01/lets-move-to-whitby-north-yorkshire
53.7456709	-0.3367413	Kingston upon Hull, Yorkshire	https://www.theguardian.com/money/2017/aug/25/lets-move-kingston-upon-hull-yorkshire-glorious
51.388	0.506721	Rochester, Kent	https://www.theguardian.com/money/2017/aug/18/lets-move-to-rochester-kent-ravishingly-beautiful
53.763201	-2.70309	Preston, Lancashire	https://www.theguardian.com/money/2017/aug/11/lets-move-to-preston-lancashire
51.370922	1.127771	Herne Bay, Kent	https://www.theguardian.com/money/2017/aug/04/lets-move-to-herne-bay-kent
50.5475363	-2.4343209	Isle of Portland, Dorset	https://www.theguardian.com/money/2017/apr/21/lets-move-portland-dorset-fair-share-oddity
50.792592	-3.651495	Crediton, Devon	https://www.theguardian.com/money/2017/apr/14/lets-move-crediton-devon-day-will-come-again-tom-dyckhoff
56.1168249	-3.158137	Kirkcaldy, Fife	https://www.theguardian.com/money/2017/apr/07/property-lets-move-to-kirkcaldy-fife
52.222147	1.342105	Framplington, Suffolk	https://www.theguardian.com/money/2017/apr/01/lets-move-to-framplington-suffolk-too-good-to-be-true
52.242793	-4.2581619	Aberaeron, Ceredigion	https://www.theguardian.com/money/2016/sep/30/lets-move-to-aberaeron-ceredigion
51.4571477	-0.1230681	Lambeth, London	https://www.theguardian.com/money/2016/sep/23/lets-move-to-lambeth-south-london
51.8786707	-0.4200255	Luton, Bedfordshire	https://www.theguardian.com/money/2016/sep/16/lets-move-to-luton-bedfordshire-very-connected
54.364703	-2.919627	Bowness	https://www.theguardian.com/money/2016/sep/09/lets-move-bowness-windermere-charm-cutesy
53.8382402	-1.7896135	Saltaire	https://www.theguardian.com/money/2016/sep/02/lets-move-to-saltaire-west-yorkshire
50.81787	-0.372882	Worthing, West Sussex	https://www.theguardian.com/money/2016/oct/28/worthing-west-sussex-property-guide-lets-move-to
51.44944444	-2.615	Hotwells	https://www.theguardian.com/money/2016/oct/21/lets-move-to-hotwells-bristol-property
56.394994	-3.4308381	Perth, Perthshire	https://www.theguardian.com/money/2016/oct/14/lets-move-to-perth-scotland
51.280233	1.0789089	Canterbury, Kent	https://www.theguardian.com/money/2016/oct/07/lets-move-to-canterbury-getting-mojo-back
51.752725	-0.339436	St Albans	https://www.theguardian.com/money/2016/nov/25/lets-move-to-st-albans-hertfordshire
51.582426	-0.09966	Harringay, north London	https://www.theguardian.com/money/2016/nov/18/lets-move-to-harringay-north-london
54.903367	-5.024055	Stranraer, Dumfries and Galloway	https://www.theguardian.com/money/2016/nov/11/lets-move-to-stranraer-and-the-rhinns-dumfries-and-galloway
50.7511782	-3.279352	Ottery St Mary, Devon	https://www.theguardian.com/money/2016/nov/04/lets-move-to-ottery-st-mary-quaint-customs
51.266969	0.071827	Westerham, Kent	https://www.theguardian.com/money/2016/may/27/lets-move-to-westerham-west-malling-west-kent-downs
51.5474028	0.6472769	Leigh-on-Sea	https://www.theguardian.com/money/2016/may/20/lets-move-to-leigh-on-sea
51.400208	-0.075726	South Norwood, south London	https://www.theguardian.com/money/2016/may/13/lets-move-to-south-norwood-thornton-heath-south-london
52.272031	-3.005157	Presteigne	https://www.theguardian.com/money/2016/may/06/the-marches-property-tom-dyckhoff-lets-move-to
52.598233	1.728047	Great Yarmouth	https://www.theguardian.com/money/2016/mar/25/great-yarmouth-property-lets-move-to
50.887403	-0.326676	Steyning, West Sussex	https://www.theguardian.com/money/2016/mar/18/lets-move-to-steyning-west-sussex-tom-dyckhoff
50.659678	-3.767893	Moretonhampstead, Devon	https://www.theguardian.com/money/2016/mar/04/lets-move-to-moretonhampstead-east-dartmoor-devon
55.847258	-4.440114	Paisley, Renfrewshire	https://www.theguardian.com/money/2016/jun/24/lets-move-to-paisley-renfrewshire
51.535764	-0.902894	Henley-on-Thames, Oxfordshire	https://www.theguardian.com/money/2016/jun/17/lets-move-to-henley-on-thames-oxfordshire
51.2296539	-3.840102	Lynton, north Devon	https://www.theguardian.com/money/2016/jun/10/lets-move-to-lynton-and-lynmouth-devon
52.7073029	-2.7553268	Shrewsbury, Shropshire	https://www.theguardian.com/money/2016/jun/03/lets-move-to-shrewsbury-shropshire
51.8116533	-2.7163045	Monmouth	https://www.theguardian.com/money/2016/jul/29/lets-move-monmouth-and-lower-wye-valley-tom-dyckhoff
51.67078	-1.2879529	Abingdon, Oxfordshire	https://www.theguardian.com/money/2016/jul/22/lets-move-to-abingdon-oxfordshire-tom-dyckhoff
51.484807	0.087142	Plumstead, south-east London	https://www.theguardian.com/money/2016/jul/15/lets-move-to-plumstead-south-east-london
51.724376	-0.834518	Princes Risborough, Buckinghamshire	https://www.theguardian.com/money/2016/jul/08/lets-move-to-princes-risborough-buckinghamshire
52.459333	1.566053	Beccles, Suffolk	https://www.theguardian.com/money/2016/jul/01/lets-move-to-beccles-suffolk
52.411811	-1.77761	Solihull, West Midlands	https://www.theguardian.com/money/2016/jan/29/lets-move-to-solihull-west-midlands
51.214321	-0.798802	Farnham, Surrey	https://www.theguardian.com/money/2016/jan/22/lets-move-to-farnham-surrey
51.108039	-4.161014	Braunton, Devon	https://www.theguardian.com/money/2016/jan/15/lets-move-braunton-croyde-woolacombe-devon
51.0469533	-1.9897434	Nadder valley, Wiltshire	https://www.theguardian.com/money/2016/jan/01/lets-move-nadder-valley-wiltshire
54.812167	-2.438685	Alston, Cumbria	https://www.theguardian.com/money/2016/feb/26/lets-move-alston-cumbria
55.842977	-4.2635766	Glasgow Southside	https://www.theguardian.com/money/2016/feb/19/lets-move-to-glasgow-southside-tom-dyckhoff
51.4941081	0.1212704	Abbey Wood, south-east London	https://www.theguardian.com/money/2016/feb/12/lets-move-to-abbey-wood-south-east-london
53.618498	-1.88121	Slaithwaite, West Yorkshire	https://www.theguardian.com/money/2016/feb/05/lets-move-slaithwaite-colne-valley-west-yorkshire
51.993927	-4.975989	Fishguard, Pembrokeshire	https://www.theguardian.com/money/2016/dec/16/lets-move-to-fishguard-and-newport-pembrokeshire-wales-idyllic
51.1278758	1.3134027	Dover, Kent	https://www.theguardian.com/money/2016/dec/09/lets-move-dover-kent-on-its-uppers-tom-dyckhoff
50.949708	0.73726	Rye, East Sussex	https://www.theguardian.com/money/2016/dec/02/lets-move-rye-east-sussex-tom-dyckhoff
52.481138	1.753449	Lowestoft, Suffolk	https://www.theguardian.com/money/2016/aug/19/lets-move-to-lowestoft-suffolk-tom-dyckhoff
55.673865	-3.782138	Lanark	https://www.theguardian.com/money/2016/aug/12/lets-move-lanark-commuter-heaven
50.738308	-4.004263	Okehampton, Devon	https://www.theguardian.com/money/2016/aug/05/lets-move-to-okehampton-devon
55.2082542	-2.0784138	Northumberland	https://www.theguardian.com/money/2016/apr/29/lets-move-to-alnmouth-amble-warkworth-northumberland
53.052819	-1.405792	Ripley, Derbyshire	https://www.theguardian.com/money/2016/apr/22/lets-move-ripley-derbyshire-most-english-town
51.0781599	-4.058338	Barnstaple	https://www.theguardian.com/money/2016/apr/15/barnstaple-devon-property-lets-move-to
53.137033	-3.795732	Llanrwst, Conwy	https://www.theguardian.com/money/2016/apr/08/lets-move-to-llanrwst-conwy
51.957205	-1.969204	Winchcombe, Gloucestershire	https://www.theguardian.com/money/2016/apr/01/lets-move-to-winchcombe-gloucestershire
51.42476	-0.059399	Sydenham, south-east London	https://www.theguardian.com/money/2015/sep/25/lets-move-to-sydenham-south-east-london
50.8209317	0.3397311	Pevensey and Pevensey Bay, East Sussex	https://www.theguardian.com/money/2015/sep/18/lets-move-pevensey-bay-east-sussex
55.0175869	-1.4255818	Tynemouth, Tyne & Wear	https://www.theguardian.com/money/2015/sep/11/lets-move-to-tynemouth-tyne-and-wear
53.2577125	-3.4418762	St Asaph, Denbighshire	https://www.theguardian.com/money/2015/sep/04/lets-move-to-st-asaph-denbighshire-wales
55.869058	-2.091068	Eyemouth, Berwickshire	https://www.theguardian.com/money/2015/oct/30/lets-move-to-eyemouth-st-abbs-head-berwickshire
52.540698	-2.803484	Church Stretton, Shropshire	https://www.theguardian.com/money/2015/oct/23/lets-move-to-church-stretton-shropshire-hills-tom-dyckhoff
51.335545	1.419895	Ramsgate, Kent	https://www.theguardian.com/money/2015/oct/16/lets-move-to-ramsgate-kent
50.152571	-5.06627	Falmouth, Cornwall	https://www.theguardian.com/money/2015/oct/09/lets-move-to-falmouth-cornwall
53.571744	-1.786292	Holmfirth, West Yorkshire	https://www.theguardian.com/money/2015/oct/02/lets-move-to-holmfirth-west-yorkshire
51.641856	-2.673804	Chepstow, Monmouthshire	https://www.theguardian.com/money/2015/nov/27/lets-move-chepstow-monmouthshire
53.883551	-1.260889	Tadcaster, north Yorkshire	https://www.theguardian.com/money/2015/nov/20/lets-move-to-tadcaster-north-yorkshire
51.5136143	-0.1365486	Soho, central London	https://www.theguardian.com/money/2015/nov/13/lets-move-to-soho-central-london
52.766404	-0.887126	Melton Mowbray, Leicestershire	https://www.theguardian.com/money/2015/nov/06/lets-move-to-melton-mowbray-leicestershire
51.9435956	0.9875182	Dedham Vale, Essex	https://www.theguardian.com/money/2015/may/29/lets-move-dedham-vale-nayland-east-bergholt-essex-suffolk
53.756629	-3.0213193	Lytham St Annes, Lancashire	https://www.theguardian.com/money/2015/may/22/lets-move-lytham-st-annes-lancashire
52.4324467	-1.8931188	Kings Heath, Birmingham	https://www.theguardian.com/money/2015/may/15/lets-move-to-kings-heath-birmingham
51.7859365	-1.4850544	Witney, Oxfordshire	https://www.theguardian.com/money/2015/may/08/lets-move-witney-oxfordshire-tom-dyckhoff
51.478968	-3.705163	Porthcawl, South Glamorgan	https://www.theguardian.com/money/2015/mar/27/lets-move-porthcawl-south-glamorgan-wales
51.516758	-0.436786	Hayes, west London	https://www.theguardian.com/money/2015/mar/20/lets-move-hayes-west-london-orwell-interwar-suburb-crossrail
51.095582	0.537639	Cranbrook, Kent	https://www.theguardian.com/money/2015/mar/13/lets-move-cranbrook-goudhurst-kent
56.2317854	-5.0754102	Inveraray, Argyll	https://www.theguardian.com/money/2015/mar/06/lets-move-to-inveraray-argyll-scotland
50.9230963	-1.1373891	Meon valley, Hampshire	https://www.theguardian.com/money/2015/jun/26/lets-move-meon-valley-hampshire
50.684555	-3.466689	Topsham, Devon	https://www.theguardian.com/money/2015/jun/19/lets-move-topsham-exe-estuary-devon
51.4389469	-0.3135942	Ham, south-west London	https://www.theguardian.com/money/2015/jun/12/lets-move-ham-south-west-london-tom-dyckhoff
52.969215	-3.17166	Llangollen, Denbighshire	https://www.theguardian.com/money/2015/jun/05/lets-move-llangollen-denbighshire
51.6251502	-0.152936	Barnet, north-west London	https://www.theguardian.com/money/2015/jul/31/lets-move-to-barnet-london-property
53.067185	-2.524102	Nantwich, Cheshire	https://www.theguardian.com/money/2015/jul/24/lets-move-to-nantwich-cheshire
52.569354	1.115305	Wymondham, Norfolk	https://www.theguardian.com/money/2015/jul/17/lets-move-wymondham-norfolk
52.660348	-3.146407	Welshpool, Powys	https://www.theguardian.com/money/2015/jul/10/lets-move-welshpool-powys
50.7111639	-2.441181	Dorchester, Dorset	https://www.theguardian.com/money/2015/jul/03/lets-move-to-dorchester-dorset
51.4894752	0.0675883	Woolwich, south-east London	https://www.theguardian.com/money/2015/jan/23/lets-move-woolwich-south-east-london-tom-dyckhoff
51.899603	-1.1535899	Bicester, Oxfordshire	https://www.theguardian.com/money/2015/jan/20/lets-move-bicester-oxfordshire-tom-dyckhoff
52.0450779	0.952647	Hadleigh, Suffolk	https://www.theguardian.com/money/2015/jan/16/hadleigh-suffolk-property-review
51.081397	1.169456	Folkestone, Kent	https://www.theguardian.com/money/2015/jan/09/lets-move-to-folkestone-property-review
54.867159	-4.444234	Wigtown	https://www.theguardian.com/money/2015/jan/02/lets-move-to-wigtown-machars-peninsula
50.7335769	-2.758301	Bridport, Dorset	https://www.theguardian.com/money/2015/feb/27/lets-move-bridport-west-bay-dorset-broadchurch
52.4808407	-0.4687516	Oundle, Northamptonshire	https://www.theguardian.com/money/2015/feb/20/lets-move-oundle-northamptonshire-tom-dyckhoff
51.442108	-2.856196	Clevedon, Somerset	https://www.theguardian.com/money/2015/feb/13/lets-move-clevedon-somerset-tom-dyckhoff
53.944377	-1.0867058	South Bank, York	https://www.theguardian.com/money/2015/feb/06/lets-move-south-bank-scarcroft-road-york
54.991941	-1.604188	Jesmond, Newcastle upon Tyne	https://www.theguardian.com/money/2015/dec/18/lets-move-to-jesmond-newcastle-upon-tyne
52.578482	1.720606	East Norfolk	https://www.theguardian.com/money/2015/dec/11/lets-move-to-the-east-norfolk-coast
51.6049674	-0.0722785	Tottenham, north London	https://www.theguardian.com/money/2015/dec/04/lets-move-to-tottenham-north-london
50.725156	-2.936639	Lyme Regis	https://www.theguardian.com/money/2015/aug/28/lets-move-to-lyme-regis-dorset
51.3489069	-1.994828	Devizes, Wiltshire	https://www.theguardian.com/money/2015/aug/21/lets-move-to-devizes-wiltshire
51.7999835	-2.5519169	Forest of Dean, Gloucestershire	https://www.theguardian.com/money/2015/aug/14/lets-move-to-the-forest-of-dean-gloucestershire
51.5719443	-0.7769422	Marlow, Buckinghamshire	https://www.theguardian.com/money/2015/aug/07/property-lets-move-to-marlow-buckinghamshire
50.495056	-3.781341	Buckfast, Devon	https://www.theguardian.com/money/2015/apr/24/lets-move-to-buckfast-and-buckfastleigh-devon
50.848132	-0.937928	Emsworth, Hampshire	https://www.theguardian.com/money/2015/apr/17/lets-move-to-emsworth-hampshire
53.85564	-2.176991	Colne, Lancashire	https://www.theguardian.com/money/2015/apr/10/lets-move-to-colne-lancashire-former-mill-town
51.181903	0.937883	Wye, Kent	https://www.theguardian.com/money/2015/apr/03/lets-move-wye-great-stour-valley-kent
51.576451	0.021154	Wanstead, east London	https://www.theguardian.com/money/2014/sep/26/lets-move-wanstead-east-london
51.373347	1.306532	Birchington-on-Sea, Kent	https://www.theguardian.com/money/2014/sep/19/lets-move-to-birchington-on-sea-kent
52.74215	-3.8844	Dolgellau, Gwynedd	https://www.theguardian.com/money/2014/sep/12/lets-move-to-dolgellau-gwynedd
51.090856	-0.713373	Haslemere, Surrey	https://www.theguardian.com/money/2014/sep/05/lets-move-haslemere-surrey
52.6273539	1.236987	Earlham, Norfolk	https://www.theguardian.com/money/2014/oct/31/lets-move-earlham-west-norwich-norfolk
51.315994	0.889358	Faversham, Kent	https://www.theguardian.com/money/2014/oct/24/lets-move-faversham-kent-tom-dyckhoff
55.477721	-2.5549369	Jedburgh, Roxburghshire	https://www.theguardian.com/money/2014/oct/17/lets-move-jedburgh-roxburghshire-scotland
50.67865	-3.23756	Sidmouth, Devon	https://www.theguardian.com/money/2014/oct/10/lets-move-to-sidmouth-devon
54.210076	-0.290594	Filey, North Yorkshire	https://www.theguardian.com/money/2014/oct/03/lets-move-to-filey-north-yorkshire
50.98893	-1.49658	Romsey, Hampshire	https://www.theguardian.com/money/2014/nov/28/lets-move-to-romsey-hampshire
51.5123792	-0.0087975	Poplar, east London	https://www.theguardian.com/money/2014/nov/21/lets-move-to-poplar-east-london
50.9249721	0.7095541	Winchelsea, East Sussex	https://www.theguardian.com/money/2014/nov/14/lets-move-to-winchelsea-east-sussex
54.892473	-2.932931	Carlisle, Cumbria	https://www.theguardian.com/money/2014/nov/07/lets-move-to-carlisle-cumbria-tom-dyckhoff
51.9314628	0.6946927	Colne Valley, Essex	https://www.theguardian.com/money/2014/may/30/lets-move-to-colne-valley-essex
51.060853	0.165894	Crowborough, East Sussex	https://www.theguardian.com/money/2014/may/23/lets-move-crowborough-ashdown-forest-east-sussex
50.640134	-4.358558	Launceston, Cornwall	https://www.theguardian.com/money/2014/may/16/lets-move-to-launceston-cornwall
51.8032442	-0.6016021	Whipsnade, Aldbury	https://www.theguardian.com/money/2014/may/09/lets-move-whipsnade-aldbury-north-chilterns
53.4433284	-1.948907	Glossop, Derbyshire	https://www.theguardian.com/money/2014/may/02/lets-move-to-glossop-derbyshire
51.409259	-3.485246	Llantwit Major, Glamorgan	https://www.theguardian.com/money/2014/mar/28/lets-move-llantwit-major-glamorgan
52.822699	1.3859729	North Walsham, Norfolk	https://www.theguardian.com/money/2014/mar/21/lets-move-to-north-walsham-norfolk
56.559107	-2.591543	Arbroath, Angus	https://www.theguardian.com/money/2014/mar/14/lets-move-arbroath-angus-smokies
52.215311	-1.867605	Alcester, Warwickshire	https://www.theguardian.com/money/2014/mar/07/lets-move-to-alcester-warwickshire
51.147427	-2.718454	Glastonbury, Somerset	https://www.theguardian.com/money/2014/jun/27/lets-move-to-glastonbury-somerset
56.183877	-3.967449	Dunblane, Perthshire	https://www.theguardian.com/money/2014/jun/20/lets-move-to-dunblane-perthshire
51.40817	-0.025813	Beckenham, south-east London	https://www.theguardian.com/money/2014/jun/13/lets-move-beckenham-south-east-london
52.92392	-1.212394	Beeston, Nottinghamshire	https://www.theguardian.com/money/2014/jun/06/lets-move-to-beeston-nottinghamshire
52.56279	-3.149331	Montgomery, Powys	https://www.theguardian.com/money/2014/jul/25/lets-move-to-montgomery-powys
51.441884	0.370759	Gravesend, Kent	https://www.theguardian.com/money/2014/jul/18/lets-move-to-gravesend-kent
53.355021	-2.9943374	Port Sunlight, Cheshire	https://www.theguardian.com/money/2014/jul/11/lets-move-port-sunlight-cheshire
52.4597094	-1.961668	Harborne, Birmingham	https://www.theguardian.com/money/2014/jul/04/lets-move-to-harborne-birmingham
51.209347	-2.6445979	Wells, Somerset	https://www.theguardian.com/money/2014/jan/31/lets-move-to-wells-somerset
56.2230207	-2.7027434	East Neuk, Fife	https://www.theguardian.com/money/2014/jan/24/lets-move-to-the-east-neuk-fife-scotland
54.6333333	-2.1333333	Teesdale, County Durham	https://www.theguardian.com/money/2014/jan/17/lets-move-teesdale-weardale-county-durham
52.447794	-3.540195	Llanidloes, Powys/Montgomeryshire	https://www.theguardian.com/money/2014/jan/10/lets-move-to-llanidloes-powys-montgomeryshire
50.950945	0.9065892	Lydd	https://www.theguardian.com/money/2014/jan/03/lets-move-to-lydd-and-new-romney
51.586357	-2.102834	Malmesbury, Wiltshire	https://www.theguardian.com/money/2014/feb/28/lets-move-malmesbury-wiltshire-womad-dyson
50.826636	-4.543678	Bude, Cornwall	https://www.theguardian.com/money/2014/feb/21/lets-move-to-bude-cornwall
55.2041945	-6.6526708	Portrush, County Antrim	https://www.theguardian.com/money/2014/feb/14/lets-move-portrush-antrim-portstewart-derry
51.5480457	0.0157046	Forest Gate, east London	https://www.theguardian.com/money/2014/feb/07/move-to-forest-gate-east-london
52.954641	0.848927	Wells-next-the-Sea, Norfolk	https://www.theguardian.com/money/2014/dec/26/lets-move-to-wells-next-the-sea-norfolk
50.124487	-5.679195	St Just, Cornwall	https://www.theguardian.com/money/2014/dec/19/lets-move-to-st-just-penwith-peninsula-cornwall
51.88469	-3.99143	Llandeilo, Carmarthenshire	https://www.theguardian.com/money/2014/dec/12/lets-move-llandeilo-carmarthenshire-tom-dyckhoff
50.352517	-3.578807	Dartmouth, Devon	https://www.theguardian.com/money/2014/dec/05/lets-move-to-dartmouth-devon
52.041047	0.726706	Sudbury, Suffolk	https://www.theguardian.com/money/2014/aug/29/lets-move-sudbury-long-melford-suffolk
51.4446119	-0.020102	Catford, south-east London	https://www.theguardian.com/money/2014/aug/22/lets-move-to-catford-south-east-london
54.837569	-4.04878	Kirkcudbright	https://www.theguardian.com/money/2014/aug/15/lets-move-to-kirkcudbright-colvend-coast
54.21614	-5.8920445	Newcastle, County Down	https://www.theguardian.com/money/2014/aug/08/lets-move-to-newcastle-county-down
50.39514	-3.513924	Brixham, Devon	https://www.theguardian.com/money/2014/aug/01/lets-move-to-brixham-devon
50.699582	-3.0941679	Beer, Devon	https://www.theguardian.com/money/2014/apr/25/lets-move-to-beer-and-seaton-devon
51.6858439	-0.0330964	Waltham Cross, Hertfordshire	https://www.theguardian.com/money/2014/apr/18/lets-move-waltham-cross-herts-waltham-abbey-essex
51.312059	0.032802	Biggin Hill	https://www.theguardian.com/money/2014/apr/11/lets-move-downe-biggin-hill-london-downs
51.420845	-0.168075	Tooting, south London	https://www.theguardian.com/money/2014/apr/04/lets-move-to-tooting-south-london
51.6167	0.3167	Brentwood, Essex	https://www.theguardian.com/money/2013/sep/27/lets-move-to-brentwood-essex
51.4282887	-0.102429	West Norwood, south London	https://www.theguardian.com/money/2013/sep/20/west-norwood-south-london-property
50.856908	-2.165353	Blandford Forum, Dorset	https://www.theguardian.com/money/2013/sep/13/lets-move-blandford-forum-dorset
51.558437	-0.707741	Cookham	https://www.theguardian.com/money/2013/sep/06/lets-move-cookham-bourne-end
54.3438243	-7.6315336	Enniskillen, County Fermanagh	https://www.theguardian.com/money/2013/oct/25/lets-move-to-enniskillen-northern-ireland
51.016684	-4.206666	Bideford, Devon	https://www.theguardian.com/money/2013/oct/18/lets-move-bideford-appledore-devon
51.007591	-0.93899	Petersfield, Hampshire	https://www.theguardian.com/money/2013/oct/11/lets-move-to-petersfield-hampshire-property
51.8642449	-2.238156	Gloucester	https://www.theguardian.com/money/2013/oct/04/lets-move-to-gloucester
52.4460828	-1.8842327	Moseley, Birmingham	https://www.theguardian.com/money/2013/nov/29/lets-move-moseley-birmingham-property
53.686675	-0.443368	Barton-upon-Humber, Lincolnshire	https://www.theguardian.com/money/2013/nov/22/barton-upon-humber-property-review
51.310684	-0.296968	Ashtead, Surrey	https://www.theguardian.com/money/2013/nov/15/lets-move-to-ashtead-surrey
52.222147	1.342105	Framlingham, Suffolk	https://www.theguardian.com/money/2013/nov/08/lets-move-framlingham-suffolk
50.3562269	-4.455232	Looe, Cornwall	https://www.theguardian.com/money/2013/nov/01/lets-move-to-looe-cornwall
53.648457	-2.32049	Ramsbottom, Lancashire	https://www.theguardian.com/money/2013/may/31/lets-move-to-ramsbottom-lancashire
51.4818179	0.040177	Charlton, south-east London	https://www.theguardian.com/money/2013/may/24/lets-move-charlton-south-east-london
51.5974177	-1.1335613	Wallingford in Oxfordshire	https://www.theguardian.com/money/2013/may/17/lets-move-to-wallingford-oxfordshire
51.3964896	0.8365233	Isle of Sheppey, Kent	https://www.theguardian.com/money/2013/may/10/lets-move-to-isle-of-sheppey-kent
51.709972	0.2446185	Chipping Ongar, Essex	https://www.theguardian.com/money/2013/may/03/lets-move-to-chipping-ongar-essex
54.203808	-2.832755	Arnside, Cumbria	https://www.theguardian.com/money/2013/mar/29/lets-move-to-arnside-silverdale
53.707167	-2.201259	Bacup, Lancashire	https://www.theguardian.com/money/2013/mar/22/lets-move-to-bacup-lancashire
52.898116	-1.865801	Uttoxeter, Staffordshire	https://www.theguardian.com/money/2013/mar/15/lets-move-to-uttoxter-staffordshire
50.118798	-5.537592	Penzance, Cornwall	https://www.theguardian.com/money/2013/mar/08/lets-move-to-penzance-cornwall
52.455457	1.443976	Bungay, Suffolk	https://www.theguardian.com/money/2013/mar/01/lets-move-to-bungay-suffolk
52.215855	1.488056	Saxmundham, Suffolk	https://www.theguardian.com/money/2013/jun/28/lets-move-to-saxmundham-suffolk
49.96861	-5.204156	Lizard Peninsula, Cornwall	https://www.theguardian.com/money/2013/jun/21/lets-move-to-lizard-peninsula-cornwall
51.91445	-2.582446	Ross-on-Wye, Herefordshire	https://www.theguardian.com/money/2013/jun/14/lets-move-to-ross-on-wye-herefordshire
51.639295	-2.15818	Tetbury, Gloucestershire	https://www.theguardian.com/money/2013/jun/07/lets-move-to-tetbury-gloucestershire
52.749212	-1.468618	Ashby de la Zouch, Leicestershire	https://www.theguardian.com/money/2013/jul/26/lets-move-to-ashby-de-la-zouch-leicestershire
51.5713869	-0.0658886	Clapton, north-east London	https://www.theguardian.com/money/2013/jul/19/lets-move-to-clapton-north-east-london
51.5966706	-4.1698781	Gower Peninsula, Glamorgan	https://www.theguardian.com/money/2013/jul/12/lets-move-to-gower-peninsula-glamorgan
52.606612	0.385472	Downham Market, Norfolk	https://www.theguardian.com/money/2013/jul/05/lets-move-downham-market-norfolk
54.663261	-3.367985	Cockermouth, Cumbria	https://www.theguardian.com/money/2013/jan/25/lets-move-to-cockermouth-cumbria
51.5901769	-0.0173437	Walthamstow, north-east London	https://www.theguardian.com/money/2013/jan/18/lets-move-walthamstow-north-east-london
53.905825	-1.691786	Otley, West Yorkshire	https://www.theguardian.com/money/2013/jan/11/lets-move-to-otley-west-yorkshire
50.3807552	-4.1662428	Stoke, Plymouth, Devon	https://www.theguardian.com/money/2013/jan/04/lets-move-to-stoke-plymouth-devon
52.6695629	-0.726625	Oakham, Rutland	https://www.theguardian.com/money/2013/feb/22/lets-move-to-oakham-rutland
52.722873	-4.0560919	Barmouth, Gwynedd	https://www.theguardian.com/money/2013/feb/15/lets-move-to-barmouth-gwynedd
54.972665	-2.1121439	Hexham, Northumberland	https://www.theguardian.com/money/2013/feb/08/lets-move-to-hexham-tyne-valley
52.9502595	-1.1635312	The Park, Nottingham	https://www.theguardian.com/money/2013/feb/01/lets-move-to-the-park-nottingham
51.4832554	-1.087386	Pangbourne, Berkshire	https://www.theguardian.com/money/2013/dec/27/lets-move-to-pangbourne-berkshire
51.345178	-2.2525019	Bradford on Avon	https://www.theguardian.com/money/2013/dec/20/lets-move-to-bradford-on-avon
51.6054191	-0.1222659	Bounds Green, north London	https://www.theguardian.com/money/2013/dec/13/lets-move-bounds-green-north-london
55.598676	-2.72191	Melrose, Roxburghshire	https://www.theguardian.com/money/2013/dec/06/lets-move-to-melrose-roxburghshire
51.672738	-4.703579	Tenby, Pembrokeshire	https://www.theguardian.com/money/2013/aug/30/lets-move-tenby-pembrokeshire
51.9729529	1.367636	Old Felixstowe, Suffolk	https://www.theguardian.com/money/2013/aug/23/lets-move-to-old-felixstowe-suffolk
54.664097	-2.752708	Penrith, Cumbria	https://www.theguardian.com/money/2013/aug/16/lets-move-to-penrith-cumbria
53.235048	-1.421629	Chesterfield, Derbyshire	https://www.theguardian.com/money/2013/aug/09/lets-move-to-chesterfield-derbyshire
50.45552	-4.464719	Liskeard, Cornwall	https://www.theguardian.com/money/2013/aug/02/lets-move-to-liskeard-cornwall
52.2417	-3.377742	Llandrindod Wells in Wales	https://www.theguardian.com/money/2013/apr/26/lets-move-to-llandrindod-wells
52.349557	-1.58073	Kenilworth, Warwickshire	https://www.theguardian.com/money/2013/apr/19/lets-move-to-kenilworth-warwickshire
51.934731	1.260297	Harwich, Essex	https://www.theguardian.com/money/2013/apr/12/lets-move-to-harwich-essex
51.4397781	-0.0546416	Forest Hill, south-east London	https://www.theguardian.com/money/2013/apr/05/lets-move-to-forest-hill-london
50.433741	-3.685797	Totnes, Devon	https://www.theguardian.com/money/2012/sep/28/lets-move-to-totnes-devon
51.534933	-0.247334	Harlesden	https://www.theguardian.com/money/2012/sep/21/lets-move-to-harlesden-old-oak-common
51.270363	0.522699	Maidstone, Kent	https://www.theguardian.com/money/2012/sep/14/lets-move-to-maidstone-kent
53.453605	-2.241047	Moss Side, Manchester	https://www.theguardian.com/money/2012/sep/07/moss-side-manchester-property-roundup
51.4532529	-0.1011862	Pimlico, central London	https://www.theguardian.com/money/2012/oct/26/lets-move-to-pimlico-london
54.545284	-1.923741	Barnard Castle, County Durham	https://www.theguardian.com/money/2012/oct/19/lets-move-to-barnard-castle-county-durham
50.810208	-2.743195	Beaminster, Dorset	https://www.theguardian.com/money/2012/oct/12/lets-move-to-beaminster-dorset
54.3502798	-6.652792	Armagh, County Armagh	https://www.theguardian.com/money/2012/oct/05/lets-move-to-armagh-county
52.831333	0.849324	Fakenham, Norfolk	https://www.theguardian.com/money/2012/nov/30/lets-move-to-fakenham-norfolk
57.649454	-3.318485	Elgin, Morayshire	https://www.theguardian.com/money/2012/nov/23/lets-move-elgin-morayshire
50.4714961	-4.7188629	Bodmin, Cornwall	https://www.theguardian.com/money/2012/nov/16/bodmin-cornwall-property-roundup
52.415303	-4.08292	Aberystwyth, Ceredigion	https://www.theguardian.com/money/2012/nov/09/lets-move-to-aberystwyth-ceredigion
52.109994	-2.074814	Pershore, Worcestershire	https://www.theguardian.com/money/2012/nov/02/lets-move-to-pershore-worcestershire
53.137156	-1.551774	Matlock, Derbyshire	https://www.theguardian.com/money/2012/may/25/lets-move-to-matlock-derbyshire
50.8562933	0.5905229	Old Town, Hastings, East Sussex	https://www.theguardian.com/money/2012/may/18/lets-move-hastings-east-sussex
52.375539	-2.316973	Bewdley, Worcestershire	https://www.theguardian.com/money/2012/may/11/lets-move-to-bewdley-worcestershire
51.113338	-2.452895	Bruton, Somerset	https://www.theguardian.com/money/2012/may/04/lets-move-to-bruton-castle-cary-somerset
51.420073	-1.727062	Marlborough, Wiltshire	https://www.theguardian.com/money/2012/mar/30/lets-move-to-marlborough-wiltshire
54.08535	-0.198802	Bridlington, East Riding, Yorkshire	https://www.theguardian.com/money/2012/mar/23/lets-move-to-bridlington-east-riding-yorkshire
52.065357	-2.217407	Upton-upon-Severn, Worcestershire	https://www.theguardian.com/money/2012/mar/16/lets-move-to-upton-upon-severn-worcestershire
51.4752475	-0.038952	New Cross, south-east London	https://www.theguardian.com/money/2012/mar/09/lets-move-to-new-cross-london
54.069208	-1.999407	Grassington, North Yorkshire	https://www.theguardian.com/money/2012/mar/02/lets-move-to-grassington-wharfedale
51.4625275	-2.5900659	Stokes Croft, Bristol	https://www.theguardian.com/money/2012/jun/29/lets-move-to-stokes-croft-bristol
53.183906	-3.425002	Denbigh, Denbighshire	https://www.theguardian.com/money/2012/jun/22/lets-move-to-denbigh-denbighshire
50.346776	-4.2875679	Whitsand Bay, Cornwall	https://www.theguardian.com/money/2012/jun/15/lets-move-whitsand-bay-rame-head-cornwall
51.830433	1.247224	Frinton-on-Sea, Essex	https://www.theguardian.com/money/2012/jun/08/lets-move-frinton-on-sea-essex
51.8031689	-0.208661	Welwyn Garden City, Hertfordshire	https://www.theguardian.com/money/2012/jun/01/lets-move-to-welwyn-garden-city
51.5501741	-0.003371	Stratford, east London	https://www.theguardian.com/money/2012/jul/27/lets-move-to-stratford-olympic-park
56.4391984	-6.000887	Isle of Mull, Argyll	https://www.theguardian.com/money/2012/jul/20/lets-move-to-isle-of-mull
53.645708	-3.010113	Southport, Merseyside	https://www.theguardian.com/money/2012/jul/13/lets-move-to-southport-merseyside
51.49532	-0.1006971	Elephant & Castle, south London	https://www.theguardian.com/money/2012/jul/06/lets-move-to-elephant-and-castle-walworth
53.8215574	-1.5757947	Headingley, Leeds	https://www.theguardian.com/money/2012/jan/27/lets-move-to-headingley-leeds
51.4985821	-0.0691276	Bermondsey, London SE1	https://www.theguardian.com/money/2012/jan/13/bermondsey-london-se1-property-review
53.079044	-0.959921	Southwell, Nottinghamshire	https://www.theguardian.com/money/2012/jan/06/lets-move-southwell-nottinghamshire
51.274017	1.337427	Sandwich, Kent	https://www.theguardian.com/money/2012/feb/24/lets-move-to-sandwich-kent
51.931364	-1.726444	Stow-on-the-Wold, Gloucestershire	https://www.theguardian.com/money/2012/feb/17/lets-move-to-stow-on-wold-gloucestershire
51.461514	-2.1195157	Chippenham, Wiltshire	https://www.theguardian.com/money/2012/feb/10/lets-move-to-chippenham-wilts
53.3300114	-1.6563548	Hathersage, Derbyshire	https://www.theguardian.com/money/2012/feb/03/lets-move-to-hathersage-edale-castleton
56.963661	-2.2092879	Stonehaven, Aberdeenshire	https://www.theguardian.com/money/2012/dec/28/lets-move-to-stonehaven-aberdeenshire
53.2954573	-4.6313884	Holy Island, Anglesey, North Wales	https://www.theguardian.com/money/2012/dec/21/lets-move-holy-island-anglesey-wales
51.040565	-3.552937	Exmoor	https://www.theguardian.com/money/2012/dec/14/lets-move-to-exmoor-somerset-devon
54.195138	-3.09267	Ulverston, Cumbria	https://www.theguardian.com/money/2012/dec/07/lets-move-to-ulverston-cumbria
51.718495	-1.968243	Cirencester, Gloucestershire	https://www.theguardian.com/money/2012/aug/31/lets-move-to-circencester-gloucestershire
51.992265	-2.15796	Tewkesbury, Gloucestershire	https://www.theguardian.com/money/2012/aug/24/lets-move-to-tewkesbury-gloucestershire
51.43148	-0.515525	Staines-upon-Thames, Surrey	https://www.theguardian.com/money/2012/aug/17/lets-move-staines-upon-thames
50.6144279	-2.457621	Weymouth, Dorset	https://www.theguardian.com/money/2012/aug/10/lets-move-weymouth-dorset
53.9104	-0.173953	Hornsea, East Riding, Yorkshire	https://www.theguardian.com/money/2012/aug/03/lets-move-to-hornsea-withernsea-holderness
51.412626	0.077487	Chislehurst, Greater London	https://www.theguardian.com/money/2012/apr/27/lets-move-to-chislehurst
53.3869046	-2.3488983	Altrincham, Greater Manchester	https://www.theguardian.com/money/2012/apr/20/lets-move-to-altrincham-hale
52.1075894	0.7954572	Lavenham, Suffolk	https://www.theguardian.com/money/2012/apr/13/lets-move-to-lavenham-suffolk
52.19173	-1.708298	Stratford-on-Avon, Warwickshire	https://www.theguardian.com/money/2011/sep/30/lets-move-stratford-on-avon
51.474191	-0.069137	Peckham, south London	https://www.theguardian.com/money/2011/sep/23/lets-move-to-peckham-south-london
51.702655	-0.70319	Great Missenden, Bucks	https://www.theguardian.com/money/2011/sep/16/move-to-great-missenden-prestwood-bucks
53.683298	-1.505924	Wakefield, West Yorkshire	https://www.theguardian.com/money/2011/sep/09/lets-move-to-wakefield-west-yorkshire
53.321356	-0.945503	Retford, Nottinghamshire	https://www.theguardian.com/money/2011/sep/02/lets-move-to-retford-nottinghamshire
50.608277	-1.960769	Swanage, Dorset	https://www.theguardian.com/money/2011/oct/21/lets-move-swanage-dorset
54.9966124	-7.3085748	Derry	https://www.theguardian.com/money/2011/oct/14/derry-londonderry-property-northern-ireland
50.6310452	-4.3152165	Tamar Valley, Devon	https://www.theguardian.com/money/2011/oct/07/lets-move-to-tamar-valley
51.388	0.506721	Rochester, Kent	https://www.theguardian.com/money/2011/nov/25/lets-move-to-rochester-kent
53.0700391	-0.80657	Newark-on-Trent, Nottinghamshire	https://www.theguardian.com/money/2011/nov/18/lets-move-to-newark-nottinghamshire
50.758531	-1.5419099	Lymington, Hampshire	https://www.theguardian.com/money/2011/nov/11/lets-move-lymington-hampshire
51.127889	-3.003632	Bridgwater, Somerset	https://www.theguardian.com/money/2011/nov/05/lets-move-to-bridgwater-somerset
51.746997	-0.974188	Thame, Oxfordshire	https://www.theguardian.com/money/2011/may/28/lets-move-to-thame-oxfordshire
52.2851905	-1.5200789	Leamington Spa, Warwickshire	https://www.theguardian.com/money/2011/may/21/lets-move-to-leamington-spa
52.666317	0.158797	Wisbech, Cambridgeshire	https://www.theguardian.com/money/2011/may/14/lets-move-to-wisbech-cambridgeshire
51.5459269	0.7077123	Southend, Essex	https://www.theguardian.com/money/2011/may/07/lets-move-to-southend-shoeburyness-essex
53.867795	-1.912358	Keighley, West Yorkshire	https://www.theguardian.com/money/2011/mar/26/lets-move-to-keighley-and-haworth-west-yorkshire
52.4608009	-1.914995	Edgbaston, Birmingham	https://www.theguardian.com/money/2011/mar/12/lets-move-to-edgbaston-birmingham
54.011022	-1.47102	Knaresborough, North Yorkshire	https://www.theguardian.com/money/2011/mar/05/lets-move-to-knaresborough-north-yorkshire
51.414661	-0.114299	Norbury, south London	https://www.theguardian.com/money/2011/jun/24/lets-move-to-norbury-south-london
51.4350979	-1.2076304	Bucklebury, Berkshire	https://www.theguardian.com/money/2011/jun/18/lets-move-to-bucklebury-berkshire
52.2257	-2.742772	Leominster, Herefordshire	https://www.theguardian.com/money/2011/jun/11/lets-move-to-leominster-herefordshire
54.3	-2.15	Wensleydale, North Yorkshire	https://www.theguardian.com/money/2011/jun/04/lets-move-to-wensleydale-north-yorkshire
51.068785	-1.794472	Salisbury	https://www.theguardian.com/money/2011/jul/29/lets-move-to-salisbury
54.601276	-3.134706	Keswick	https://www.theguardian.com/money/2011/jul/15/lets-move-keswick-northern-lake-district
51.561948	-0.013139	Leyton, east London	https://www.theguardian.com/money/2011/jul/08/lets-move-to-leyton-east-london
55.16875	-1.687493	Morpeth, Northumberland	https://www.theguardian.com/money/2011/jul/01/lets-move-morpeth-northumberland
50.996993	0.9590755	Romney Marsh, Kent	https://www.theguardian.com/money/2011/jan/29/lets-move-to-romney-marsh-kent
51.389646	1.3868339	Margate, Kent	https://www.theguardian.com/money/2011/jan/22/lets-move-to-margate-kent
54.58156	-0.975134	Saltburn-by-the-Sea, North Yorkshire	https://www.theguardian.com/money/2011/jan/15/lets-move-to-saltburn-by-the-sea
51.5264898	-0.1078746	Clerkenwell, central London	https://www.theguardian.com/money/2011/jan/08/lets-move-to-clerkenwell-central-london
56.704361	-3.729711	Pitlochry	https://www.theguardian.com/money/2011/jan/01/lets-move-to-pitlochry
52.97894	-0.026577	Boston, Lincolnshire	https://www.theguardian.com/money/2011/feb/26/lets-move-to-boston-lincolnshire
52.0629009	-1.339775	Banbury, Oxfordshire	https://www.theguardian.com/money/2011/feb/19/banbury-oxfordshire-property-lets-move
55.6453815	-3.1721886	Peebles, Peeblesshire	https://www.theguardian.com/money/2011/feb/12/lets-move-to-peebles-peeblesshire
52.909359	1.086747	Holt, Norfolk	https://www.theguardian.com/money/2011/feb/05/lets-move-to-holt-norfolk
51.059771	-1.310142	Winchester	https://www.theguardian.com/money/2011/dec/23/lets-move-to-winchester
50.844949	-1.788817	Ringwood, Hampshire	https://www.theguardian.com/money/2011/dec/16/lets-move-to-ringwood-hampshire
53.557788	-1.9949813	Saddleworth, Greater Manchester	https://www.theguardian.com/money/2011/dec/09/lets-move-to-saddleworth-greater-manchester
54.068246	-2.277655	Settle, North Yorkshire	https://www.theguardian.com/money/2011/dec/02/lets-move-to-settle-ribblesdale
51.943544	-1.542189	Chipping Norton, Oxfordshire	https://www.theguardian.com/money/2011/aug/26/lets-move-to-chipping-norton-oxon
51.071739	1.081937	Hythe, Kent	https://www.theguardian.com/money/2011/aug/19/lets-move-to-hythe-sandgate-kent
52.615065	-1.1200349	Clarendon Park, Leicester	https://www.theguardian.com/money/2011/aug/12/lets-move-to-clarendon-park-stoneygate-leicester
50.634675	-1.175199	Shanklin, Isle of Wight	https://www.theguardian.com/money/2011/aug/04/lets-move-to-shanklin-isle-of-wight
51.533033	-0.07069	Haggerston, east London	https://www.theguardian.com/money/2011/apr/30/lets-move-to-haggerston-east-london
51.4990248	-3.1526313	Roath, Cardiff	https://www.theguardian.com/money/2011/apr/23/lets-move-to-roath-and-cathays-cardiff
51.20428	-3.481152	Minehead, Somerset	https://www.theguardian.com/money/2011/apr/16/lets-move-to-minehead-and-dunster
52.8962101	-4.5040799	Llŷn Peninsula, north Wales	https://www.theguardian.com/money/2011/apr/02/lets-move-to-llyn-peninsula
54.556434	-0.795478	Staithes, North Yorkshire	https://www.theguardian.com/money/2010/sep/18/staithe-north-yorkshire-property
52.9389139	0.491032	Hunstanton, Norfolk	https://www.theguardian.com/money/2010/sep/11/lets-move-to-hunstanton-norfolk
57.680609	-4.0346781	Cromarty, Ross-shire	https://www.theguardian.com/money/2010/sep/04/lets-move-to-cromarty-black-isle
50.71505	-1.987248	Poole, Dorset	https://www.theguardian.com/money/2010/oct/30/lets-move-to-poole-dorset
53.3692988	-1.4949862	Ecclesall Road, Sheffield	https://www.theguardian.com/money/2010/oct/16/lets-move-to-nether-edge
51.4992206	-0.3061024	Ealing, west London	https://www.theguardian.com/money/2010/oct/09/lets-move-to-ealing-west-london
52.419476	-3.032585	Clun, Shropshire	https://www.theguardian.com/money/2010/oct/02/clun-clun-valley-shropshire-property
50.547033	-3.496688	Teignmouth, Devon	https://www.theguardian.com/money/2010/nov/27/lets-move-to-teignmouth-devon
53.925486	-1.822817	Ilkley, West Yorkshire	https://www.theguardian.com/money/2010/nov/13/lets-move-to-ilkley-west-yorkshire
50.8556382	0.5525772	St Leonards-on-Sea, East Sussex	https://www.theguardian.com/money/2010/nov/06/lets-move-to-st-leonards-east-sussex
52.092149	-1.94677	Evesham, Worcestershire	https://www.theguardian.com/money/2010/may/29/lets-move-to-evesham-worcestershire
50.8118134	-0.0543667	Rottingdean, East Sussex	https://www.theguardian.com/money/2010/may/22/lets-move-to-rottingdean-saltdean
50.619957	-3.413702	Exmouth, Devon	https://www.theguardian.com/money/2010/may/15/lets-move-to-exmouth-devon
52.912524	-0.643582	Grantham, Lincolnshire	https://www.theguardian.com/money/2010/may/08/lets-move-to-grantham-lincolnshire
51.1322222	-3.2119444	Quantock Hills, Somerset Property |	https://www.theguardian.com/money/2010/may/01/lets-move-to-quantock-hills-somerset
51.796078	-0.655879	Tring, Hertfordshire	https://www.theguardian.com/money/2010/mar/27/lets-move-to-tring-hertfordshire
53.205875	-1.0860901	Sherwood Forest, Nottinghamshire	https://www.theguardian.com/money/2010/mar/20/lets-move-to-sherwood-forest-the-dukeries
53.645792	-1.7850351	Huddersfield, West Yorkshire	https://www.theguardian.com/money/2010/mar/13/lets-move-to-huddersfield
53.109152	-2.023393	Leek, Staffordshire	https://www.theguardian.com/money/2010/mar/06/lets-move-to-leek-staffordshire
51.408661	-0.059686	Anerley, south-east London	https://www.theguardian.com/money/2010/jun/26/lets-move-to-anerley-south-east-london
50.687817	-2.110981	Wareham, Dorset	https://www.theguardian.com/money/2010/jun/19/wareham-dorset
51.222491	1.401661	Deal, Kent	https://www.theguardian.com/money/2010/jun/12/deal-kent-property-tom-dyckhoff
53.1148735	-3.3103108	Ruthin, Denbighshire	https://www.theguardian.com/money/2010/jun/05/ruthin-denbighshire-property-tom-dyckhoff
50.8765244	-1.6314631	New Forest, Hampshire	https://www.theguardian.com/money/2010/jul/31/lets-move-to-new-forest
54.1235323	-0.5237241	The Yorkshire Wolds	https://www.theguardian.com/money/2010/jul/17/lets-move-to-yorkshire-wolds
56.1165227	-3.9369029	Stirling, Stirlingshire	https://www.theguardian.com/money/2010/jul/10/lets-move-to-stirling
53.8036433	-3.0483689	South Shore, Blackpool	https://www.theguardian.com/money/2010/jul/03/lets-move-to-south-shore-blackpool
51.588868	-1.426453	Wantage, Oxfordshire	https://www.theguardian.com/money/2010/jan/30/lets-move-to-wantage-property
51.5073509	-0.1277583	south-east London	https://www.theguardian.com/money/2010/jan/23/let-move-to-south-east-london
51.628347	0.814539	Burnham-on-Crouch, Essex	https://www.theguardian.com/money/2010/jan/16/burnham-on-crouch-essex
58.1729133	-5.0304939	Assynt, Sutherland, Scotland	https://www.theguardian.com/money/2010/jan/09/lets-move-to-assynt-sutherland
52.534455	-2.424549	Bridgnorth, Shropshire	https://www.theguardian.com/money/2010/jan/02/lets-move-to-bridgnorth-shropshire
53.9628495	-2.0162787	Skipton, North Yorkshire	https://www.theguardian.com/money/2010/feb/27/lets-move-to-skipton-north-yorkshire
52.022593	0.239215	Saffron Walden, Essex	https://www.theguardian.com/money/2010/feb/20/lets-move-to-saffron-walden
52.399539	0.262363	Ely, Cambridgeshire	https://www.theguardian.com/money/2010/feb/13/lets-move-to-ely-cambridgshire
52.590273	-3.853485	Machynlleth, Powys	https://www.theguardian.com/money/2010/feb/06/lets-move-to-machynlleth-powys
51.745734	-2.217758	Stroud, Gloucestershire	https://www.theguardian.com/money/2010/dec/18/lets-move-to-stroud-gloucestershire
57.5359261	-6.2262725	Isle of Skye	https://www.theguardian.com/money/2010/dec/11/lets-move-to-isle-of-skye
53.340882	0.261071	Mablethorpe, Lincolnshire	https://www.theguardian.com/money/2010/dec/04/lets-move-to-mablethorpe-lincolnshire
51.7355868	0.4685497	Chelmsford, Essex	https://www.theguardian.com/money/2010/aug/28/lets-move-to-chelmsford-essex
51.5269624	-0.06674	Bethnal Green, east London	https://www.theguardian.com/money/2010/aug/21/lets-move-to-bethnal-green-east-london
52.215536	-4.359081	New Quay, west Wales	https://www.theguardian.com/money/2010/aug/14/lets-move-to-new-quay-west-wales
53.4875235	-2.2901264	Salford	https://www.theguardian.com/money/2010/aug/07/move-to-central-salford-salford-quays
51.4425659	-2.5768698	Totterdown, Bristol	https://www.theguardian.com/money/2010/apr/24/let-move-to-totterdown-bristol
51.4886163	-0.1207145	Vauxhall, south London	https://www.theguardian.com/money/2010/apr/17/lets-move-to-vauxhall-nine-elms
51.685034	0.002723	Waltham Abbey, Essex	https://www.theguardian.com/money/2010/apr/10/lets-move-to-waltham-abbey
52.5971339	-2.5592959	Much Wenlock, Shropshire	https://www.theguardian.com/money/2010/apr/03/lets-move-to-much-wenlock-shropshire
51.9489469	-3.391463	Brecon, Powys	https://www.theguardian.com/money/2009/sep/26/brecon-powys
51.185732	-0.612808	Godalming, Surrey	https://www.theguardian.com/money/2009/sep/19/lets-move-to-godalming-surrey
52.282316	-1.584927	Warwick	https://www.theguardian.com/money/2009/sep/12/lets-move-to-warwick
52.0947402	1.5341196	Orford, Suffolk	https://www.theguardian.com/money/2009/sep/05/lets-move-to-orford-suffolk
53.5933498	-2.2966054	Bury, Lancashire	https://www.theguardian.com/money/2009/oct/31/lets-move-to-bury-lancashire
51.5476228	-0.0701132	Dalston, east London	https://www.theguardian.com/money/2009/oct/24/lets-move-to-dalston-east-london
50.730991	-0.793704	Selsey, West Sussex	https://www.theguardian.com/money/2009/oct/10/lets-move-to-the-witterings-west-sussex
52.4244044	-1.9338974	Bournville, Birmingham	https://www.theguardian.com/money/2009/oct/03/lets-move-to-bournville-birmingham
53.016626	-1.732179	Ashbourne, Derbyshire	https://www.theguardian.com/money/2009/nov/28/lets-move-to-ashbourne-derbyshire
52.931448	1.301866	Cromer	https://www.theguardian.com/money/2009/nov/21/lets-move-to-cromer
51.205163	-4.126762	Ilfracombe, Devon	https://www.theguardian.com/money/2009/nov/14/lets-move-to-ilfracombe-devon
52.095481	1.312571	Woodbridge, Suffolk	https://www.theguardian.com/money/2009/nov/07/lets-move-to-woodbridge-suffolk
53.871098	-2.393083	Clitheroe, Lancashire	https://www.theguardian.com/money/2009/may/30/clitheroe-lancashire-property
51.4752488	-0.0132098	Greenwich, south-east London	https://www.theguardian.com/money/2009/may/23/greenwich-london-property
51.761877	-0.739779	Wendover, Bucks	https://www.theguardian.com/money/2009/may/16/wendover-buckinghamshire-property
50.873872	0.00878	Lewes, Sussex	https://www.theguardian.com/money/2009/may/09/lewes-sussex-properties
51.454513	-2.58791	Bristol	https://www.theguardian.com/money/2009/may/02/move-to-bristol
51.2909038	0.1731875	Darenth Valley, Kent	https://www.theguardian.com/money/2009/mar/28/darenth-valley-kent-property
52.205337	0.121817	Cambridge	https://www.theguardian.com/money/2009/mar/21/lets-move-to-cambridge
51.438798	-3.173507	Penarth, Glamorgan	https://www.theguardian.com/money/2009/mar/14/penarth-glamorgan
51.848186	1.267736	Walton-on-the-Naze, Essex	https://www.theguardian.com/money/2009/mar/07/walton-on-the-naze-essex
51.38847	-0.416969	Walton, Surrey	https://www.theguardian.com/money/2009/jun/27/lets-move-walton-weybridge-surrey
56.0585093	-2.7182817	East Lothian coast	https://www.theguardian.com/money/2009/jun/20/move-to-east-lothian
50.735777	-1.778586	Christchurch, Dorset	https://www.theguardian.com/money/2009/jun/13/lets-move-christchurch
52.033882	-2.423574	Ledbury, Herefordshire	https://www.theguardian.com/money/2009/jun/06/ledbury-herefordshire-move
50.768035	0.290472	Eastbourne	https://www.theguardian.com/money/2009/jul/25/lets-move-to-eastbourne
54.328006	-2.74629	Kendal, Cumbria	https://www.theguardian.com/money/2009/jul/18/lets-move-kendal-cumbria
52.2429228	0.7104932	Bury St Edmunds	https://www.theguardian.com/money/2009/jul/11/bury-st-edmunds-suffolk
51.4815584	-0.0264139	Deptford	https://www.theguardian.com/money/2009/jul/04/lets-move-to-deptford
51.674043	-4.908637	Pembroke, Pembrokeshire	https://www.theguardian.com/money/2009/jan/31/move-to-pembroke
51.375801	-2.3599039	Bath, Somerset	https://www.theguardian.com/money/2009/jan/24/property-homes
51.5434163	-0.1174761	Caledonian Road, north London	https://www.theguardian.com/money/2009/jan/17/caledonian-road-property
53.259082	-1.91483	Buxton, Derbyshire	https://www.theguardian.com/money/2009/jan/10/move-property-buxton-derbyshire
50.947822	-2.5144829	Sherborne, Dorset	https://www.theguardian.com/money/2009/jan/03/dorset
54.283113	-0.399752	Scarborough, North Yorkshire	https://www.theguardian.com/money/2009/feb/28/scarborough-north-yorkshire
51.4542645	-0.9781303	Reading, Berkshire	https://www.theguardian.com/money/2009/feb/21/move-to-reading
51.361047	1.024256	Whitstable, Kent	https://www.theguardian.com/money/2009/feb/14/lets-move-to-whitstable-kent
51.795756	-0.081157	Hertford, Hertfordshire	https://www.theguardian.com/money/2009/feb/07/hertford-hertfordshire-property-homes
53.927056	-1.384816	Wetherby, West Yorkshire	https://www.theguardian.com/money/2009/dec/19/lets-move-to-wetherby
51.759766	-0.5678569	Berkhamsted, Hertfordshire	https://www.theguardian.com/money/2009/dec/12/lets-move-to-berkhamsted
55.5348601	-1.6393223	Northumberland coast	https://www.theguardian.com/money/2009/dec/05/lets-move-to-northumberland-coast
53.3723866	-3.1842948	West Kirby, Merseyside	https://www.theguardian.com/money/2009/aug/29/let-move-to-west-kirby
53.716344	-2.0987969	Todmorden	https://www.theguardian.com/money/2009/aug/22/lets-move-to-todmorden
51.999326	-0.987645	Buckingham	https://www.theguardian.com/money/2009/aug/15/lets-move-to-buckingham
50.7236303	-1.8484642	Boscombe, Dorset	https://www.theguardian.com/money/2009/aug/08/lets-move-to-boscombe-dorset
55.070859	-3.60512	Dumfries	https://www.theguardian.com/money/2009/apr/25/lets-move-to-dumfries-scotland
51.703533	-2.903404	Usk, Monmouthshire	https://www.theguardian.com/money/2009/apr/18/usk-monmouthshire-property
53.215207	-1.676171	Bakewell, Derbyshire	https://www.theguardian.com/money/2009/apr/11/property-bakewell-derbyshire
57.477773	-4.224721	Inverness, Scotland	https://www.theguardian.com/money/2009/apr/04/inverness-scotland-property
51.549987	-0.023801	Hackney Wick, east London	https://www.theguardian.com/money/2008/sep/27/homes
54.892473	-2.932931	Carlisle, Cumbria	https://www.theguardian.com/money/2008/sep/20/homes.money
54.579089	-5.919706	Ormeau Road, Belfast	https://www.theguardian.com/money/2008/sep/13/homes
55.861583	-4.312887	Govan, Glasgow	https://www.theguardian.com/money/2008/sep/06/homes
53.795984	-1.759398	Bradford, West Yorkshire	https://www.theguardian.com/money/2008/oct/25/property-homes-bradford
51.27241	0.190898	Sevenoaks, Kent	https://www.theguardian.com/money/2008/oct/18/property-homes
53.04304	-2.992494	Wrexham	https://www.theguardian.com/money/2008/oct/04/homes.money
53.139551	-4.273911	Caernarfon, Gwynedd	https://www.theguardian.com/money/2008/nov/29/caernarfon-gwynedd-wales-moving-property
51.451169	0.052639	Eltham, south-east London	https://www.theguardian.com/money/2008/nov/22/move-to-eltham-london
54.046575	-2.8007399	Lancaster, Lancashire	https://www.theguardian.com/money/2008/nov/15/move-to-lancaster-lancashire
53.425722	-2.247519	West Didsbury, Manchester	https://www.theguardian.com/money/2008/nov/08/west-didsbury-manchester
50.59382	-4.829978	Port Isaac, Cornwall	https://www.theguardian.com/money/2008/nov/01/port-isaac-cornwall
50.83761	-0.774936	Chichester, West Sussex	https://www.theguardian.com/money/2008/dec/20/homes-property-west-sussex-chichester
54.1361346	-1.5237756	Ripon, North Yorkshire	https://www.theguardian.com/money/2008/dec/13/lets-move-ripon-north-yorkshire
53.193392	-2.893075	Chester	https://www.theguardian.com/money/2008/dec/06/chester-cheshire-houses
53.400575	-0.774465	Gainsborough, Lincolnshire	https://www.theguardian.com/money/2008/aug/30/homes
53.743304	-2.013021	Hebden Bridge, West Yorkshire	https://www.theguardian.com/money/2008/aug/23/hebden.bridge.west.yorkshire
52.33146	-0.182552	Huntingdon, Cambridgeshire	https://www.theguardian.com/money/2008/aug/16/homes
